{
  "configuration": "D1-P2-R0",
  "fluid": "ar seco",
  "T_K": 293.15,
  "rho_kg_m3": 1.2,
  "mu_Pa_s": 1.81e-05,
  "a_m_s": 343.0,
  "mdot_nom_kg_s": 0.4,
  "rpm_nom": 600.0,
  "rpm_oper_max": 1200.0,
  "rpm_overspeed_test": 1400.0,
  "rpm_fea_design": 1500.0,
  "r_h_m": 0.14,
  "r_t_m": 0.2,
  "tip_clearance_m": 0.0005,
  "Z_R1": 12,
  "Z_R2": 12,
  "swirl_ratio": 0.55,
  "deviation_deg": 4.0,
  "first_mode_reduced_Hz": 337.0,
  "epsilon_reduced": 0.12,
  "area_m2": 0.0640884901332318,
  "span_m": 0.06,
  "hub_tip_ratio": 0.7000000000000001,
  "r_rms_m": 0.1726267650163207,
  "Vx_nom_m_s": 5.20114193110769,
  "omega_nom_rad_s": 62.83185307179586,
  "U_mid_nom_m_s": 10.846459535764893,
  "phi_nom": 0.47952439355510906,
  "clearance_span_pct": 0.8333333333333334,
  "ratio_R2_R1_reduced": 0.88
}