{
  "Vtheta_mid_R1_saida_m_s": 5.965552744670692,
  "trabalho_especifico_R1_J_kg": 64.70512645354185,
  "trabalho_especifico_R2_J_kg": 64.70512645354185,
  "trabalho_especifico_total_J_kg": 129.4102529070837,
  "torque_ideal_por_rotor_Nm": 0.4119256287386938,
  "potencia_fluidica_por_rotor_W": 25.882050581416742,
  "potencia_fluidica_total_W": 51.764101162833484
}