rpm,BPF_Hz,f_modo_reduzido_Hz,margem_pct
600,120.0,337.0,180.83333333333334
1000,200.0,337.0,68.5
1200,240.0,337.0,40.416666666666664
1400,280.0,337.0,20.357142857142858
1500,300.0,337.0,12.333333333333334
